{"cameraMode":{"drawMode":0,"name":"Shaded","section":"Shading Mode"},"sceneLighting":true,"audioPlay":false,"sceneViewState":{"showFog":true,"showMaterialUpdate":false,"showSkybox":true,"showFlares":true,"showImageEffects":true,"showParticleSystems":true},"in2DMode":false,"pivot":{"x":0.003582419827580452,"y":0.018366839736700059,"z":0.0},"rotation":{"x":0.1595832109451294,"y":-0.33330237865448,"z":0.0573546402156353,"w":0.9274563789367676},"size":0.10403189808130264,"orthographic":true}