{"cameraMode":{"drawMode":0,"name":"Shaded","section":"Shading Mode"},"sceneLighting":true,"audioPlay":false,"sceneViewState":{"showFog":true,"showMaterialUpdate":false,"showSkybox":true,"showFlares":true,"showImageEffects":true,"showParticleSystems":true},"in2DMode":false,"pivot":{"x":-0.28299999237060549,"y":0.20730000734329225,"z":0.0020000003278255464},"rotation":{"x":0.15653838217258454,"y":0.14871875941753388,"z":-0.02382940798997879,"w":0.9761820435523987},"size":0.21021059155464173,"orthographic":true}