{"cameraMode":{"drawMode":0,"name":"Shaded","section":"Shading Mode"},"sceneLighting":true,"audioPlay":false,"sceneViewState":{"showFog":true,"showMaterialUpdate":false,"showSkybox":true,"showFlares":true,"showImageEffects":true,"showParticleSystems":true},"in2DMode":false,"pivot":{"x":0.7121906280517578,"y":0.02777099609375,"z":0.03094482421875},"rotation":{"x":-0.16270695626735688,"y":0.02901432476937771,"z":-0.004768589977174997,"w":-0.9862581491470337},"size":0.04185441881418228,"orthographic":true}