{"cameraMode":{"drawMode":0,"name":"Shaded","section":"Shading Mode"},"sceneLighting":true,"audioPlay":false,"sceneViewState":{"showFog":true,"showMaterialUpdate":false,"showSkybox":true,"showFlares":true,"showImageEffects":true,"showParticleSystems":true},"in2DMode":false,"pivot":{"x":-0.8350855708122253,"y":-0.11515039205551148,"z":0.13367468118667603},"rotation":{"x":-0.12408449500799179,"y":0.6041204929351807,"z":-0.0959436371922493,"w":-0.7813097834587097},"size":0.6073950529098511,"orthographic":false}